MPN,ICT P/N,DESC,Manufacturer,Group,WH PIC
CR10-6041-FK,13000-S230109H-00,"RES,0402,6.04Kohm,1%,1/16W,HF,ASJ",ASJ,0-RES電阻類,A01
MS05W2F100MT5E,13000-S040120H-00,"RES,10mΩ,±1%,0805,1/2W,HF,Uniohm",UNIOHM,0-RES電阻類,A01
NCP15WF104F03RC,13001-S070003H-00,"NTC,S,0402,100Kohm,1%,HF,MURATA",MURATA,0-RES電阻類,A01
NCP15XW682E03RC,13001-S070010H-00,"NTC,0402,6.8K,3%,NCP15XW682E03RC,MURATA",MURATA,0-RES電阻類,A01
NTCG104EF104FT1X,13001-S0D0001H-00,"NTC,S,0402,100K,HF,TDK",TDK,0-RES電阻類,A01
PE0603FRE570R01Z,13000-S000854H-00,"RES,10mohm,1/5W,1%,0603,HF",YAGEO,0-RES電阻類,A01
PE1206FRF7W0R005L,13000-S000156H-00,"RES,1206,5mΩ,1%,1/2W,HF,Yageo",YAGEO,0-RES電阻類,A01
RC0201FR-07100KL,13000-S000041H-00,"0201,100K,1%,RC0201FR-07100KL,YAGEO",YAGEO,0-RES電阻類,A02
RC0201FR-07100RL,13000-S000052H-00,"RES,0201,100R,1%,RC0201FR-07100RL,HF",YAGEO,0-RES電阻類,A02
RC0201FR-0710KL,13000-S000044H-00,"0201,10K,1%,1/20W,RC0201FR-0710KL,YAGEO",YAGEO,0-RES電阻類,A02
RC0201FR-07113RL,13000-S001493H-00,"RES,0201,113R,1%,1/20W,HF,YAGEO",YAGEO,0-RES電阻類,A02
RC0201FR-07121RL,13000-S001486H-00,"RES,0201,121R,1%,1/20W,HF,YAGEO",YAGEO,0-RES電阻類,A02
RC0201FR-07150RL,13000-S001484H-00,"RES,0201,150R,1%,1/20W,HF,YAGEO",YAGEO,0-RES電阻類,A02
RC0201FR-0716K9L,13000-S001194H-00,"16.9K,1%,0201,RC0201FR-0716K9L,YAGEO,HF",YAGEO,0-RES電阻類,A02
RC0201FR-071KL,13000-S000353H-00,"RES,1KΩ,±1%,0201,RC0201FR-071KL,HF,YAGEO",YAGEO,0-RES電阻類,A02
RC0201FR-07200KL,13000-S000039H-00,"0201,200K,1%,RC0201FR-07200KL,YAGEO",YAGEO,0-RES電阻類,A03
RC0201FR-07200RL,13000-S000773H-00,"RES,0201,200R,1%,1/20W,HF,YAGEO",YAGEO,0-RES電阻類,A03
RC0201FR-0720KL,13000-S000123H-00,"RES,20K,0201,RC0201FR-0720KL,Yageo,HF",YAGEO,0-RES電阻類,A03
RC0201FR-07220kL,13000-S000596H-00,"RES,0201,220K,1%,1/20W,HF,YAGEO",YAGEO,0-RES電阻類,A03
RC0201FR-0722RL,13000-S000819H-00,"0201,22R,1%,1/20W,RC0201FR-0722RL,YAGEO",YAGEO,0-RES電阻類,A03
RC0201FR-07240RL,13000-S000053H-00,"0201,240R,1%,RC0201FR-07240RL,YAGEO",YAGEO,0-RES電阻類,A03
RC0201FR-072K2L,13000-S000770H-00,"RES,0201,2.2K,1%,1/20W,HF,YAGEO",YAGEO,0-RES電阻類,A03
RC0201FR-07330KL,13000-S001490H-00,"RES,0201,330K,1%,1/20W,HF,YAGEO",YAGEO,0-RES電阻類,A03
RC0201FR-0733RL,13000-S001494H-00,"RES,0201,33R,1%,1/20W,HF,YAGEO",YAGEO,0-RES電阻類,A03
RC0201FR-073K32L,13000-S000780H-00,"RES,0201,3.32K,1%,1/20W,HF,YAGEO",YAGEO,0-RES電阻類,A03
RC0201FR-07470RL,13000-S001244H-00,RES 470ohm 1/20w 1% 0201,YAGEO,0-RES電阻類,A04
RC0201FR-0747KL,13000-S000575R-00,RES 47K/0201/±1% YAGEO,YAGEO,0-RES電阻類,A04
RC0201FR-07499RL,13000-S000525H-00,"RES,0201,499 ohm,1%,1/20W,HF,YAGEO",YAGEO,0-RES電阻類,A04
RC0201FR-0749R9L,13000-S000927H-00,"RES,50R±1%/0201/?1/20W,ROHS,YAGEO",YAGEO,0-RES電阻類,A04
RC0201FR-074K75L,13000-S001487H-00,"RES,0201,4.75K,1%,1/20W,HF,YAGEO",YAGEO,0-RES電阻類,A04
RC0201FR-0751RL,13000-S001306H-00,"RES,0201,51Ω,1%,1/20W,HF,YAGEO",YAGEO,0-RES電阻類,A04
RC0201FR-0756RL,13000-S001492H-00,"RES,0201,56R,1%,1/20W,HF,YAGEO",YAGEO,0-RES電阻類,A04
RC0201FR-0760R4L,13000-S001295H-00,"RES,0201,60.4R,1%,1/20W,HF,YAGEO",YAGEO,0-RES電阻類,A04
RC0201FR-0762RL,13000-S001491H-00,"RES,0201,62R,1%,1/20W,HF,YAGEO",YAGEO,0-RES電阻類,A04
RC0201FR-076K2L,13000-S000790H-00,"RES,0201,6.2K,1%,1/20W,HF,YAGEO",YAGEO,0-RES電阻類,A04
RC0201FR-0775KL,13000-S000117H-00,"RES,0201,75K,1%,RC0201FR-0775KL,HF,YAGEO",YAGEO,0-RES電阻類,A04
RC0201JR-070RL,13000-S000952H-00,"0201,0R,5%,1/20W,RC0201JR-070RL,YAGEO",YAGEO,0-RES電阻類,A05
RC0201JR-07100KL,13000-S00000TH-00,"0201,100K,5%,RC0201JR-07100KL,YAGEO",YAGEO,0-RES電阻類,A05
RC0201JR-07100RL,13000-S000807H-00,"RES:0201,100R,5%,1/20W,HF,YAGEO",YAGEO,0-RES電阻類,A05
RC0201JR-0715RL,13000-S000871H-00,"RES,15ohm,1/20w,5%,0201,HF",YAGEO,0-RES電阻類,A05
RC0201JR-071KL,13000-S000047H-00,"0201,1K,5%,1/20W,RC0201JR-071KL,YAGEO",YAGEO,0-RES電阻類,A05
RC0201JR-072K2L,13000-S000413H-00,"RES,0201,2.2K,5%,1/20W,HF,YAGEO",YAGEO,0-RES電阻類,A05
RC0201JR-072R2L,13000-S001210H-00,RES 2.2ohm 1/20w 5% 0201,YAGEO,0-RES電阻類,A05
RC0201JR-0743RL,13000-S001489H-00,"RES,0201,43R,5%,1/20W,HF,YAGEO",YAGEO,0-RES電阻類,A06
RC0201JR-07470RL,13000-S001170H-00,"RES,470 OHM,5%,0201,HF,YAGEO",YAGEO,0-RES電阻類,A06
RC0201JR-0747KL,13000-S000038H-00,"0201,47K,5%,1/20W,RC0201JR-0747KL,YAGEO",YAGEO,0-RES電阻類,A06
RC0201JR-074K7L,13000-S000783H-00,"RES,0201,4.7K,5%,1/20W,HF,YAGEO",YAGEO,0-RES電阻類,A06
RC0201JR-0762RL,13000-S001470H-00,"RES,0201,62R,5%,1/20W,HF,YAGEO",YAGEO,0-RES電阻類,A06
RC0402FR-07100KL,13000-S002095H-00,"RES,0402,100K,1%,0402,1/16W,HF,YAGEO",YAGEO,0-RES電阻類,A07
RC0402FR-0710K7L,13000-S000224H-00,"RES,10.7K,RC0402FR-0710K7L,YAGEO,HF",YAGEO,0-RES電阻類,A07
RC0402FR-0710KL,13000-S000158H-00,"RES,0402,10KΩ,1%,1/16W,HF,Yageo",YAGEO,0-RES電阻類,A07
RC0402FR-07113RL,,,YAGEO,0-RES電阻類,A07
RC0402FR-0711KL,13000-S00175HH-00,"RES,1/16W,11K,1%,0402,HF,YAGEO",YAGEO,0-RES電阻類,A07
RC0402FR-07121RL,,,YAGEO,0-RES電阻類,A07
RC0402FR-0712K7L,13000-S000346H-00,"RES,0402,12.7K,1%,1/16W,HF,YAGEO",YAGEO,0-RES電阻類,A07
RC0402FR-07133RL,13000-S001371H-00,"RES,0402,133R,1%,1/16W,HF,YAGEO",YAGEO,0-RES電阻類,A07
RC0402FR-0713K7L,,,YAGEO,0-RES電阻類,A07
RC0402FR-0716K5L,13000-S000826H-00,"RES,0402,16.5K,1%,1/16W,HF,YAGEO",YAGEO,0-RES電阻類,A07
RC0402FR-0716K9L,13000-S001177H-00,"16.9K,1%,0402,RC0402FR-0716K9L,YAGEO,HF",YAGEO,0-RES電阻類,A07
RC0402FR-07178KL,,,YAGEO,0-RES電阻類,A07
RC0402FR-0718K2L,,,YAGEO,0-RES電阻類,A07
RC0402FR-071K15L,13000-S000237H-00,"RES,0402,1.15KΩ,1%,1/16W,HF,YAGEO",YAGEO,0-RES電阻類,A07
RC0402FR-071K62L,,,YAGEO,0-RES電阻類,A07
RC0402FR-071KL,13000-S000824H-00,"RES,0402,1K,1%,1/16W,HF,YAGEO",YAGEO,0-RES電阻類,A07
RC0402FR-071ML,13000-S00109HH-00,1M_0402_1%,YAGEO,0-RES電阻類,A07
"RC0402FR-071ML,",13000-S00109HH-00,"RES,1/16W,1M,1%,0402,HF,YAGEO,",YAGEO,0-RES電阻類,A07
RC0402FR-07200KL,13000-S000520H-00,"RES,0402,200K,1%,1/16W,HF,YAGEO",YAGEO,0-RES電阻類,A08
RC0402FR-07200RL,13000-S000271H-00,"RES,0402,200R,1%,1/16W,HF,YAGEO",YAGEO,0-RES電阻類,A08
RC0402FR-0720KL,13000-S000154H-00,"RES,0402,20K,1%,1/16W,RC0402FR-0720KL,HF",YAGEO,0-RES電阻類,A08
RC0402FR-0721K5L,13000-S00001FH-00,"0402,21.5K,1%,RC0402FR-0721K5L,YAGEO",YAGEO,0-RES電阻類,A08
RC0402FR-07220RL,13000-S000293H-00,"RES,0402,220R,1%,1/16W,HF,YAGEO",YAGEO,0-RES電阻類,A08
RC0402FR-07232L,13000-S002025H-00,"RES,0402,232R,1%,1/16W,HF,YAGEO",YAGEO,0-RES電阻類,A08
RC0402FR-07232RL,,,YAGEO,0-RES電阻類,A08
RC0402FR-0726K7L,,,YAGEO,0-RES電阻類,A08
RC0402FR-0728K7L,,,YAGEO,0-RES電阻類,A08
RC0402FR-072K2L,13000-S000882H-00,"RES,0402,2.2K,1%,1/16W,HF,YAGEO",YAGEO,0-RES電阻類,A08
RC0402FR-072K4L,13000-S00209HH-00,"RES,0402,2.4K,1%,1/16W,HF,YAGEO",YAGEO,0-RES電阻類,A08
RC0402FR-072KL,13000-S000528H-00,"RES,0402,2K,1%,RC0402FR-072KL,YAGEO,HF",YAGEO,0-RES電阻類,A08
RC0402FR-0730KL,13000-S000584H-00,"RES,0402,30K OHM,1%,1/8W,HF,YAGEO",YAGEO,0-RES電阻類,A09
RC0402FR-07330RL,13000-S00157HH-00,"RES,1/16W,330R,1%,0402,HF,YAGEO",YAGEO,0-RES電阻類,A09
RC0402FR-0733RL,13000-S00064HH-00,"RES,1/16W,33R,1%,0402,HF,YAGEO",YAGEO,0-RES電阻類,A09
RC0402FR-0739K2L,13000-S000394H-00,"RES,0402,39.2k,1%,1/16W,HF,YAGEO",YAGEO,0-RES電阻類,A09
RC0402FR-0739KRL,,,YAGEO,0-RES電阻類,A09
RC0402FR-0739RL,13000-S001359H-00,"RES,0402,39R,1%,1/16W,HF,YAGEO",YAGEO,0-RES電阻類,A09
RC0402FR-073K09L,,,YAGEO,0-RES電阻類,A09
RC0402FR-07402KL,13000-S001381H-00,"RES,0402,402K,1%,1/16W,HF,YAGEO",YAGEO,0-RES電阻類,A09
RC0402FR-07402RL,,,YAGEO,0-RES電阻類,A09
RC0402FR-0745R3L,13000-S001379H-00,"RES,0402,45.3R,1%,1/16W,HF,YAGEO",YAGEO,0-RES電阻類,A09
RC0402FR-0747KL,,,YAGEO,0-RES電阻類,A09
RC0402FR-0748K7L,,,YAGEO,0-RES電阻類,A09
RC0402FR-0749K9L,13000-S000208H-00,"RES,0402,49.9K,RC0402FR-0749K9L,HF,YAGEO",YAGEO,0-RES電阻類,A09
RC0402FR-074K7L,13000-S000160H-00,"RES,0402,4.7KΩ,1%,1/16W,HF,Yageo",YAGEO,0-RES電阻類,A09
RC0402FR-074K99L,13000-S000419H-00,"RES,0402,4.99K,1%,1/16W,HF,YAGEO",YAGEO,0-RES電阻類,A09
RC0402FR-0752K3L,,,YAGEO,0-RES電阻類,A10
RC0402FR-07560RL,13000-S001314H-00,"RES,0402,560Ω,±1％,1/16W,HF,YAGEO",YAGEO,0-RES電阻類,A10
RC0402FR-0756RL,,,YAGEO,0-RES電阻類,A10
RC0402FR-07576RL,,,YAGEO,0-RES電阻類,A10
RC0402FR-075R1L,13000-S001251H-00,RES 5.1ohm 1/16W 1% 0402 HF,YAGEO,0-RES電阻類,A10
RC0402FR-0760R4L,,,YAGEO,0-RES電阻類,A10
RC0402FR-07681L,13000-S002016H-00,"RES,0402,681R,1%,1/16W,HF,YAGEO",YAGEO,0-RES電阻類,A10
RC0402FR-07681RL,,,YAGEO,0-RES電阻類,A10
RC0402FR-07698RL,13000-S000529H-00,"RES,0402,698R,1%,RC0402FR-07698RL,YAGEO",YAGEO,0-RES電阻類,A10
RC0402FR-076K2L,,,YAGEO,0-RES電阻類,A10
RC0402FR-076K8L,13000-S00062HH-00,"RES,1/16W,6.8K,1%,0402,HF,YAGEO,",YAGEO,0-RES電阻類,A10
RC0402FR-076K98L,13000-S000566H-00,"RES,6.98K,0402,RC0402FR-076K98L,Yageo,HF",YAGEO,0-RES電阻類,A10
RC0402FR-07715KL,13000-S001360H-00,"RES,0402,715K,1%,1/16W,HF,YAGEO",YAGEO,0-RES電阻類,A10
RC0402FR-0775RL,13000-S000371H-00,"RES,0402,75R,1%,1/16W,HF,YAGEO",YAGEO,0-RES電阻類,A10
RC0402FR-077K15L,13000-S001277H-00,"RES,0402,7.15Kohm,1%,1/16W,HF,YAGEO",YAGEO,0-RES電阻類,A10
RC0402FR-078K87L,,,YAGEO,0-RES電阻類,A10
RC0402FR-079K09L,,,YAGEO,0-RES電阻類,A10
RC0402FR-13178KL,13000-S000491H-00,"RES,0402,178K,1%,1/16W,HF,YAGEO",YAGEO,0-RES電阻類,A10
RC0402JR-070RL,13000-S000043H-00,"0402,0R,5%,1/16W,RC0402JR-070RL,YAGEO",YAGEO,0-RES電阻類,A11
RC0402JR-07100KL,13000-S000368H-00,"RES,0402,100K,5%,1/16W,HF,YAGEO",YAGEO,0-RES電阻類,A11
RC0402JR-0710KL,,,YAGEO,0-RES電阻類,A11
RC0402JR-0710ML,13000-S000181H-00,"0402,10M,5%,1/16W,RC0402JR-0710ML,YAGEO",YAGEO,0-RES電阻類,A11
RC0402JR-07133RL,13000-S001371H-00,133_0402_5%,YAGEO,0-RES電阻類,A11
RC0402JR-07150KL,13000-S001042H-00,"RES,150K,5%,HF,RC0402JR-07150KL,YAGEO",YAGEO,0-RES電阻類,A11
RC0402JR-071KL,13000-S000042H-00,"0402,1K,5%,1/16W,RC0402JR-071KL,YAGEO",YAGEO,0-RES電阻類,A11
RC0402JR-071ML,13000-S000082H-00,"RES,0402,1M,5%,1/16W,HF,YAGEO",YAGEO,0-RES電阻類,A11
RC0402JR-0747KL,13000-S000266H-00,"RES,0402,47K,5%,1/16W,HF,YAGEO",YAGEO,0-RES電阻類,A11
RC0402JR-074K7L,13000-S000204H-00,"RES,0402,4.7K,5%,1/16W,HF,YAGEO",YAGEO,0-RES電阻類,A11
RC0402JR-074R7L,13000-S001240H-00,RES 4.7ohm 1/16W 5%  0402 HF,YAGEO,0-RES電阻類,A11
RC0402JR-0750RL,13000-S001469H-00,"RES,0402,50R,5%,1/16W,HF,YAGEO",YAGEO,0-RES電阻類,A11
RC0402JR-0756RL,13000-S000206H-00,"RES,0402,56R,RC0402JR-0756RL,HF,YAGEO",YAGEO,0-RES電阻類,A11
RC0603FR-0710K5L,13000-S001392H-00,"RES,0603,10.5KΩ ±1％,1/10W,HF,YAGEO",YAGEO,0-RES電阻類,A12
RC0603JR-070RL,13000-S001092H-00,"RES,SMD,0 OHM,5%,1/10W,0603,HF,YAGEO",YAGEO,0-RES電阻類,A12
RC0603LR-070RL,,,YAGEO,0-RES電阻類,A12
RLM12FTCMR010,13000-S03191HH-00,"RES,1W,0.01R,1%,1206,HF,TA-I",TA-I,0-RES電阻類,A12
RLS04FTKR010,,,TA-I,0-RES電阻類,A12
RLS06FTSR010,,,TA-I,0-RES電阻類,A12
RLS10FTSR010,,,TA-I,0-RES電阻類,A12
RLS12FTCR005 ,,,TA-I,0-RES電阻類,A12
RLS12FTCR020,13000-S03165HH-00,"RES,1W,0.02R,1%,1206,HF,TA-I",TA-I,0-RES電阻類,A12
RM02FTN1002,,,TA-I,0-RES電阻類,A12
RM02FTN1003,,,TA-I,0-RES電阻類,A12
RM02FTN2000,,,TA-I,0-RES電阻類,A12
RM02FTN2201,,,TA-I,0-RES電阻類,A12
RM02FTN2203,,,TA-I,0-RES電阻類,A12
RM02FTN2R20,13000-S030613H-00,"RES,0201,2.2R,1%,1/20W,HF,TA-I",TA-I,0-RES電阻類,A12
RM02FTN3321,,,TA-I,0-RES電阻類,A12
RM02JTN0,,,TA-I,0-RES電阻類,A12
RM02JTN101,,,TA-I,0-RES電阻類,A12
RM02JTN102,,,TA-I,0-RES電阻類,A12
RM02JTN103,13000-S03000OH-00,"0201,10K,5%,1/20W,RM02JTN103,HF,TA-I",TA-I,0-RES電阻類,A12
RM02JTN104,,,TA-I,0-RES電阻類,A12
RM02JTN472,,,TA-I,0-RES電阻類,A12
RM02JTN473,,,TA-I,0-RES電阻類,A12
RM04FTN1000,,,TA-I,0-RES電阻類,A12
RM04FTN1001,,,TA-I,0-RES電阻類,A12
RM04FTN1002,,,TA-I,0-RES電阻類,A12
RM04FTN1003,,,TA-I,0-RES電阻類,A12
RM04FTN1151,,,TA-I,0-RES電阻類,A12
RM04FTN1333,,,TA-I,0-RES電阻類,A12
RM04FTN1501,,,TA-I,0-RES電阻類,A12
RM04FTN1601,,,TA-I,0-RES電阻類,A12
RM04FTN1652,,16.5K_0402_1%,TA-I,0-RES電阻類,A12
RM04FTN2002,,,TA-I,0-RES電阻類,A12
RM04FTN2003,,,TA-I,0-RES電阻類,A12
RM04FTN2004,,,TA-I,0-RES電阻類,A12
RM04FTN2200,,,TA-I,0-RES電阻類,A12
RM04FTN2201,,,TA-I,0-RES電阻類,A12
RM04FTN2R00,13000-S030874H-00,"RES,0402,2R,1%,1/16W,RM04FTN2R00,TA-I",TA-I,0-RES電阻類,A12
RM04FTN3322,13000-S030339H-00,"RES,0402,33.2K,1%,1/16W,RM04FTN3322,TA-I",TA-I,0-RES電阻類,A12
RM04FTN33R0,,,TA-I,0-RES電阻類,A12
RM04FTN39R0,,,TA-I,0-RES電阻類,A12
RM04FTN4533,,,TA-I,0-RES電阻類,A12
RM04FTN4701,,,TA-I,0-RES電阻類,A12
RM04FTN4991,,,TA-I,0-RES電阻類,A12
RM04FTN4992,,,TA-I,0-RES電阻類,A12
RM04FTN5R10,,,TA-I,0-RES電阻類,A12
RM04FTN6041,,,TA-I,0-RES電阻類,A12
RM04FTN6980,,,TA-I,0-RES電阻類,A12
RM04FTN7152,,,TA-I,0-RES電阻類,A12
RM04FTN7153,,,TA-I,0-RES電阻類,A12
RM04FTN9531,,,TA-I,0-RES電阻類,A12
RM04JTN0,,,TA-I,0-RES電阻類,A12
RM04JTN100,,,TA-I,0-RES電阻類,A12
RM04JTN101,13000-S030058H-00,"RES,0402,100R,5%,1/16W,RM04JTN101,TA-I",TA-I,0-RES電阻類,A12
RM04JTN103,,,TA-I,0-RES電阻類,A12
RM04JTN104,,,TA-I,0-RES電阻類,A12
RM04JTN105,,,TA-I,0-RES電阻類,A12
RM04JTN106,,,TA-I,0-RES電阻類,A12
RM04JTN154,,,TA-I,0-RES電阻類,A12
RM04JTN201,13000-S03148HH-00,"RES,1/16W,200R,5%,0402,HF,TA-I",TA-I,0-RES電阻類,A12
RM04JTN222,13000-S000196H-00,"RES,0402,2.2K,RC0402JR-072K2L,HF,YAGEO",YAGEO,0-RES電阻類,A12
RM04JTN223,13000-S030235H-00,"RES,0402,22K,5%,1/16W,HF,TA-I",TA-I,0-RES電阻類,A12
RM04JTN330,13000-S030340H-00,"RES,0402,33R,5%,1/16W,RM04JTN330,HF,TA-I",TA-I,0-RES電阻類,A12
RM04JTN472,,,TA-I,0-RES電阻類,A12
RM04JTN473,,,TA-I,0-RES電阻類,A12
RM04JTN560,,,TA-I,0-RES電阻類,A12
RM06FTN2R20,13000-S030709H-00,"RES,2.2ohm,1/10W,1%,0603,HF",TA-I,0-RES電阻類,A13
RM06JTN0,,,TA-I,0-RES電阻類,A13
RM10JTN0,13000-S03000GH-00,"RES,0805,0R,5%,1/8W,RM10JTN0,HF,TA-I",TA-I,0-RES電阻類,A13
RMS04FT49R9,13000-S030311H-00,"RES,0402,49.9R,1%,1/16W,HF,TA-I",TA-I,0-RES電阻類,A13
RMS04FT62R0,13000-S030292H-00,"RES,0402,62R,1%,1/16W,HF,TA-I",TA-I,0-RES電阻類,A13
RTT02103JTH,13000-S020180H-00,"RES,0402,10K,5%,RTT02103JTH,HF,RALEC",RALEC,0-RES電阻類,A13
RTT021471FTH,13000-S020725H-00,"RES,0402,1.47Kohm,1%,1/16W,HF,RALEC",RALEC,0-RES電阻類,A13
RTT022373FTH,13000-S020279H-00,,,0-RES電阻類,A13
RTT022491FTH,13000-S020241H-00,,,0-RES電阻類,A13
RTT024422FTH,13000-S020422H-00,"RES,44.2K,1%,0402,RTT024422FTH,Ralec,HF",Ralec,0-RES電阻類,A13
RTT024R70FTH,13000-S020458H-00,,,0-RES電阻類,A13
RTT0275R0FTH,13000-S020245H-00,,,0-RES電阻類,A13
WR04X1000FTL,13000-S010428H-00,"RES,0402,100R,1%,1/16W,HF,WALSIN",WALSIN,0-RES電阻類,A14
WR04X100JTL,13000-S010584H-00,"RES,0402,10R,5%,HF,WR04X100JTL,WALSIN",WALSIN,0-RES電阻類,A14
WR04X1212FTL,,,WALSIN,0-RES電阻類,A14
WR04X1542FTL,13000-S010746H-00,"RES,0402,15.4Kohm,1%,1/16W,HF,WALSIN",WALSIN,0-RES電阻類,A14
WR04X2000FTL,,,WALSIN,0-RES電阻類,A14
WR04X204JTL,13000-S010606H-00,"RES,0402,200K,5%,HF,WR04X204JTL,WALSIN",WALSIN,0-RES電阻類,A14
WR04X2R2 JTL,13000-S010233H-00,"RES,0402,2.2R,5%,1/16W,HF,WALSIN",WALSIN,0-RES電阻類,A14
WR04X2R2JTL,13000-S010233H-00,2.2_0402_5%,WALSIN,0-RES電阻類,A14
WR04X3480FTL,,,WALSIN,0-RES電阻類,A14
WR04X4122FTL,13000-S012042H-00,"RES,0402,41.2Kohm,1%,1/16W,HF,WALSIN",WALSIN,0-RES電阻類,A14
WR04X4533FTL,13000-S010209H-00,"RES,0402,453K,1%,1/16W,WALSIN,HF",WALSIN,0-RES電阻類,A14
WR04X6192FTLW,13000-S01038HH-00,"RES,1/16W,61.9K,1%,0402,HF,WALSIN",WALSIN,0-RES電阻類,A14
WR04X8202FTL,,,WALSIN,0-RES電阻類,A14
WR04X9531FTL,13000-S010372H-00,"RES,0402,9.53Kohm,1%,1/16W,HF,WALSIN",WALSIN,0-RES電阻類,A14
0201N270J250CT,13100-S030088H-00,"C/C,0201,27PF,5%,25V,C0G,HF,WALSIN",WALSIN,1-CAP電容類,A15
0402N471J500CT,,,WALSIN,1-CAP電容類,A15
25TQC100MD3,13102-S0F0005H-00,"T P/C,S,B,100uF,20%,25V,PANASONIC",PANASONIC,1-CAP電容類,A15
25TQC33MYF,13101-S0F0021H-00,"AL E/C,D2,33UF,20%,25V,105C,HF,Panasonic",PANASONIC,1-CAP電容類,A15
AC0402KRX7R8BB104,,,YAGEO,1-CAP電容類,A15
C0201X5R104K250NTJ,13100-S080265H-00 ,"C/C,0201,100nF,10%,25V,X5R,HF,EYANG",EYANG,1-CAP電容類,A15
C0402B225M007T,13100-S070014H-00,"C/C,2.2UF,6.3V,20%,X5R,0402,HOLYSTONE,HF",HOLYSTONE,1-CAP電容類,A15
C0402T102K5RACTU,13100-S001228H-00,"MLCC,0402,50V,1000pF,±10%,X7R,MURATA",MURATA,1-CAP電容類,A15
C0603B226M010T,,,HOLYSTONE,1-CAP電容類,A15
C0603B475K025T,,,HOLYSTONE,1-CAP電容類,A15
C1005X7R1H681KT,13100-S040017H-00,"C/C,680PF,0402,50V,10%,X7R,0402,TDK,HF",TDK,1-CAP電容類,A15
CC0201JRNPO8BN101,13100-S021028H-00,"C/C,100pF,5%,25V,0201,HF,YAGEO",YAGEO,1-CAP電容類,A16
CC0201JRNPO8BN180,,,YAGEO,1-CAP電容類,A16
CC0201JRNPO9BN120,13100-S020019H-00,"0201,12PF,5%,50V,CC0201JRNPO9BN120,YAGEO",YAGEO,1-CAP電容類,A16
CC0201JRNPO9BN150,13100-S020492H-00,CAP CER 15PF 50V 5% COG 0201,YAGEO,1-CAP電容類,A16
CC0201KRX5R5BB104,13100-S020191H-00,"C/C,0.1uF,10%,6.3V,0201,HF,Yageo",YAGEO,1-CAP電容類,A16
CC0201KRX5R5BB224,13100-S020139H-00,"C/C,0201,220nF,10%,6.3V,X5R,HF,YAGEO",YAGEO,1-CAP電容類,A16
CC0201KRX7R9BB391,,,YAGEO,1-CAP電容類,A16
CC0201MRX5R8BB104,13100-S020668H-00,"C/C,0201,100NF,20%,25V,X5R,HF,YAGEO",YAGEO,1-CAP電容類,A16
CC0402CRNPO9BN3R0,,,YAGEO,1-CAP電容類,A17
CC0402FRNPO9BN100,13100-S020479H-00,CAP CER 10pF 50V 1% C0G 0402,YAGEO,1-CAP電容類,A17
CC0402GRNFO9BN820,,,YAGEO,1-CAP電容類,A17
CC0402JRNPO9BN100,13100-S02020HH-00,"C/C,S,50V,0.01nF,5%,0402,NP0,HF,YAGEO",YAGEO,1-CAP電容類,A17
CC0402JRNPO9BN101,13100-S020146H-00,"CAP,0402,100pF,5%,50V,C0G,HF,YAGEO",YAGEO,1-CAP電容類,A17
CC0402JRNPO9BN120,13100-S02000SH-00,"C/C,0402,12PF,5%,50V,C0G,HF,YAGEO",YAGEO,1-CAP電容類,A17
CC0402JRNPO9BN180,,,YAGEO,1-CAP電容類,A17
CC0402JRNPO9BN200,13100-S020320H-00,"C/C,0402,20pF,5%,50V,NP0,HF,YAGEO",YAGEO,1-CAP電容類,A17
CC0402JRNPO9BN330,13100-S020324H-00,"0402,33PF,5%,50V,CC0402JRNPO9BN330,YAGEO",YAGEO,1-CAP電容類,A17
CC0402JRNPO9BN470,,,YAGEO,1-CAP電容類,A17
CC0402JRNPO9BN471,,,YAGEO,1-CAP電容類,A17
CC0402JRNPO9BN680,,,YAGEO,1-CAP電容類,A17
CC0402KRX5R5BB105,13100-S020105H-00,"C/C,0402,1UF,10%,6.3V,X5R,HF,YAGEO",YAGEO,1-CAP電容類,A18
CC0402KRX5R5BB225,,,YAGEO,1-CAP電容類,A18
CC0402KRX5R6BB224,13100-S02000NH-00,"0402,220NF,10%,CC0402KRX5R6BB224,YAGEO",YAGEO,1-CAP電容類,A18
CC0402KRX5R8BB104,13100-S020603H-00,"C/C,0402,100NF,10%,CC0402KRX5R8BB104",YAGEO,1-CAP電容類,A18
CC0402KRX5R8BB474,13100-S020096H-00,"C/C,0402,470nF,10%,25V,X5R,HF,YAGEO",YAGEO,1-CAP電容類,A18
CC0402KRX6S6BB225,13100-S021025H-00,"CAP,0402,2.2uF,+/-10%,10V,X6S,HF,Yageo",YAGEO,1-CAP電容類,A18
CC0402KRX7R6BB104,13100-S020647H-00,"C/C,0402,100nF,10%,10V,X7R,Yageo,HF",YAGEO,1-CAP電容類,A18
CC0402KRX7R6BB273,13100-S020667H-00,"C/C,0402,27NF,10%,10V,X7R,HF,YAGEO",YAGEO,1-CAP電容類,A18
CC0402KRX7R7BB104,,,YAGEO,1-CAP電容類,A18
CC0402KRX7R8BB103,13100-S020708H-00,"C/C,0402,10nF,10%,25V,X7R,HF,YAGEO",YAGEO,1-CAP電容類,A18
CC0402KRX7R8BB223,,,YAGEO,1-CAP電容類,A18
CC0402KRX7R8BB473,,,YAGEO,1-CAP電容類,A18
CC0402KRX7R8BB562,13100-S020670H-00,"C/C,0402,5600pF,20%,25V,X7R,HF,YAGEO",YAGEO,1-CAP電容類,A18
CC0402KRX7R9BB102,,,YAGEO,1-CAP電容類,A18
CC0402KRX7R9BB103,13100-S020075H-00,"CAP,0402,0.01uF±10%50V,X7R?,HF,YAGEO",YAGEO,1-CAP電容類,A18
CC0402KRX7R9BB221,13100-S020446H-00,CAP CER 220pF 50V 10% X7R 0402,YAGEO,1-CAP電容類,A18
CC0402KRX7R9BB472,13100-S020487H-00,CAP CER 4700pF 50V 10% X7R 0402,YAGEO,1-CAP電容類,A18
CC0402MRX5R5BB225,,,YAGEO,1-CAP電容類,A19
CC0402MRX5R5BB226,13100-S020123H-00,"C/C,0402,22UF,20%,6.3V,X5R,HF,YAGEO",YAGEO,1-CAP電容類,A19
CC0402MRX5R6BB224,13100-S020634H-00,"CAP,0402,220NF,20%,10V,X5R,HF,Yageo",YAGEO,1-CAP電容類,A19
CC0603KRX5R8BB475,13100-S020211H-00,"C/C,0603,4.7uF,10%,25V,X5R,HF,YAGEO",YAGEO,1-CAP電容類,A19
CC0603KRX7R6BB225,,,YAGEO,1-CAP電容類,A19
CC0603MRX5R6BB226,13100-S020101H-00,"C/C,0603,22uF,20%,10V,X5R,HF,YAGEO",YAGEO,1-CAP電容類,A19
CC0805MRX5R6BB226,13100-S020636H-00,"CAP,0805,22UF,20%,6.3V,X5R,HF,Yageo",YAGEO,1-CAP電容類,A19
CL03A104KO3NNNC,,,SAMSUNG,1-CAP電容類,A20
CL03A105MQ3CSNH,,,SAMSUNG,1-CAP電容類,A20
CL03A225MP3CRNC,,,SAMSUNG,1-CAP電容類,A20
CL03A334KA3NRNC,13100-S010206H-00,"C/C,0201,330nF,10%,25V,X5R,HF,SAMSUNG",SAMSUNG,1-CAP電容類,A20
CL05A105KA5NQNC,,,SAMSUNG,1-CAP電容類,A20
CL05A105KP5NNNC,13100-S010108H-00,"CAP,0402,1uF,10%,10V,X5R,HF,SAMSUNG",SAMSUNG,1-CAP電容類,A20
CL05A106MQ5NUNC,13100-S010067H-00,"C/C,0402,10UF,20%,6.3V,X5R,HF,SAMSUNG",SAMSUNG,1-CAP電容類,A20
CL05A225K05NQNC,13100-S010347H-00,,SAMSUNG,1-CAP電容類,A20
CL05A225MQ5NSNC,,,SAMSUNG,1-CAP電容類,A20
CL05A226MQ5QUNC,,,SAMSUNG,1-CAP電容類,A20
CL05A474KA5NNNC,13100-S010069H-00,"C/C,0402,470nF,10%,25V,X5R,HF,SAMSUNG",SAMSUNG,1-CAP電容類,A20
CL05A475MQ5NRNC,,"C/C,4.7uF,±20%,0402,6.3V,X5R,HF,SAMSUNG",SAMSUNG,1-CAP電容類,A20
CL05B104KA5NNNC,13100-S010028H-00,"CAP,0402,0.1uF,10%,25V,X7R,HF,Samsung",SAMSUNG,1-CAP電容類,A20
CL05B104KO5NNNC,13100-S010280H-00,"C/C,0402,100NF,10%,16V,X7R,HF,SAMSUNG",SAMSUNG,1-CAP電容類,A20
CL05B104KP5NNNC,13100-S010407H-00,"C/C,0402,100NF,10%,10V,X7R,SAMSUNG",SAMSUNG,1-CAP電容類,A20
CL05B105KQ5NQNC,,,SAMSUNG,1-CAP電容類,A20
CL05B223KA5NNNC,13100-S010031H-00,"CAP,0402,0.022uF,10%,25V,X7R,HF,Samsung",SAMSUNG,1-CAP電容類,A20
CL05B224KO5NNNC,13100-S010829H-00,"C/C,0402,220nF,10%,16V,X7R,HF,SAMSUNG",SAMSUNG,1-CAP電容類,A20
CL05B472KB5NNNC,13100-S010153H-00,"C/C,0402,4700pF,10%,50V,X7R,HF,SAMSUNG",SAMSUNG,1-CAP電容類,A20
CL05C471JB5NNNC,13100-S010235H-00,"C/C,0402,470pF,5%,50V,NP0,HF,SAMSUNG",SAMSUNG,1-CAP電容類,A20
CL05C680JB5NNNC,13100-S010236H-00,"C/C,0402,68pF,5%,50V,NP0,HF,SAMSUNG",SAMSUNG,1-CAP電容類,A20
CL10A105KA8NNNC,13100-S010264H-00,,SAMSUNG,1-CAP電容類,A21
CL10A106MQ8NNNC,13100-S01000KH-00,"0603,10UF,20%,CL10A106MQ8NNNC,SAMSUNG",SAMSUNG,1-CAP電容類,A21
CL10A226MQ8NRNC,,,SAMSUNG,1-CAP電容類,A21
CL10A475KP8NNNC,13100-S010282H-00,"C/C,0603,4.7UF,10%,10V,X5R,HF,SAMSUNG",SAMSUNG,1-CAP電容類,A21
CL10A475KQ8NNNC,13100-S010241H-00,,SAMSUNG,1-CAP電容類,A21
CL10A476MQ8QRNC,,,SAMSUNG,1-CAP電容類,A21
CL10B105KO8NNNC,13100-S01002HH-00,"C/C,16V,1UF,10％,X7R,0603,HF,SAMSUNG",SAMSUNG,1-CAP電容類,A21
CL21A106KAYNNNE,,,SAMSUNG,1-CAP電容類,A21
CL21A226MPQNNNE,13100-S010819H-00,"C/C,0603,22UF,20%,6.3V,CL10A226MQ8NRNC",SAMSUNG,1-CAP電容類,A21
CL21A476MQYNNNE,13100-S010075H-00,"0805,47UF,20%,CL21A476MQYNNNE,SAMSUNG",SAMSUNG,1-CAP電容類,A21
DLM0NSN900HY2D,13202-S000019H-00,"CM,0806,90R,25%@100MHZ,HF,MURATA",MURATA,1-CAP電容類,A22
EEFSX0E221E7,13101-S0F0022H-00,"AL E/C,SX,220UF,20%,2.5V,105C,HF,Panason",PANASONIC,1-CAP電容類,A22
EEFSX0E331E4,13100-S0F0007H-00,"CAP,SX,330UF,20%,2.5V,105C,HF,Panasonic",PANASONIC,1-CAP電容類,A22
EEFSX0E471E4,13101-S0F0011H-00,"AL E/C,470uF,20%,2.5V,HF,PANASONIC",PANASONIC,1-CAP電容類,A22
GCM155R71E104KE02D,13100-S000359H-00,"C/C,0402,0.1UF,10%,25V,X7R,HF,MURATA",MURATA,1-CAP電容類,A22
GJM0335C1E180JB01D,13100-S000763H-00,"C/C,0201,18pF,5%,25V,NP0,HF,MURATA",MURATA,1-CAP電容類,A22
GRM0335C1E220JA01D,13100-S001199H-00,"C/C,22pF,GRM0335C1E220JA01D,MURATA,HF",MURATA,1-CAP電容類,A23
GRM033R60J105MEA2D,13100-S000681H-00,"C/C,0201,1UF,6.3V, X5R,HF,MURATA",MURATA,1-CAP電容類,A23
GRM033R61A225KE47D,13100-S000685H-00,"C/C,0201,2.2UF,10V,X5R,HF,MURATA",MURATA,1-CAP電容類,A23
GRM033R61C104KE84D,13100-S000262H-00,"0201,100NF,10%,GRM033R61C104KE84D,MURATA",MURATA,1-CAP電容類,A23
GRM033R61E224ME01D,13100-S000820H-00,"MLCC,0.22UF/25V,X5R,(0201),20%,Murata",MURATA,1-CAP電容類,A23
GRM033R71E391KA01D,13100-S000679H-00,"C/C,390PF,10%,25V,X7R,0201,Murata,HF",MURATA,1-CAP電容類,A23
GRM1555C1H101JA01D,13100-S000265H-00,"C/C,0402,100PF,5%,50V,C0G,HF,MURATA",MURATA,1-CAP電容類,A24
GRM1555C1H3R0CA01D,13100-S000152H-00,"C/C,0402,3pF,±0.25pF,50V,C0G,HF,MURATA",MURATA,1-CAP電容類,A24
GRM155R60J106ME05D,13100-S000211H-00,"C/C,10uF,GRM155R60J106ME05D,HF,MURATA",MURATA,1-CAP電容類,A24
GRM155R60J225KE95D,13100-S000257H-00,"C/C,0402,2.2UF,10%,6.3V,X5R,HF,MURATA",MURATA,1-CAP電容類,A24
GRM155R60J225ME15D,13100-S000249H-00,,MURATA,1-CAP電容類,A24
GRM155R60J475ME47D,13100-S000987H-00,MLCC - SMD/SMT 4.7UF 6.3V 20% 0402,MURATA,1-CAP電容類,A24
GRM155R60J475ME87D,13100-S000145H-00,"C/C,0402,4.7UF,20%,6.3V,X5R,HF,MURATA",MURATA,1-CAP電容類,A24
GRM155R61A105KE01D,13100-S000383H-00,"C/C,0402,1UF,10%,10V,X5R,HF,MURATA",MURATA,1-CAP電容類,A24
GRM155R61A106ME11,13100-S000903H-00,C/C 10uF/±20%/0402/X5R/-55~85℃/10Vdc,MURATA,1-CAP電容類,A24
GRM155R61E105KA12D,13100-S000263H-00,"C/C,0402,1UF,10%,25V,X5R,HF,MURATA",MURATA,1-CAP電容類,A24
GRM155R61E225KE11D,13100-S000979H-00,CAP CER 2.2UF 25V 10% X5R 0402,MURATA,1-CAP電容類,A24
GRM155R70J105KA12D,13100-S000610H-00,"CAP,0402,1uF,10%,6.3V,X7R,HF",MURATA,1-CAP電容類,A24
GRM155R70J472KA01D,13100-S000959H-00,C/C 4700pF ±10% 6.3V X7R 0402 muRata,MURATA,1-CAP電容類,A24
GRM155R71C104KA88D,13100-S000104H-00,0.1U_0402_16V_X7RK,MURATA,1-CAP電容類,A24
GRM155R71E473KA88D,13100-S000604H-00,"CAP,0402,0.047uF,10%,25V,X7R,HF",MURATA,1-CAP電容類,A24
GRM155R71H221KA01D,13100-S000609H-00,CAP CER 220pF 50V 10% X7R 0402,MURATA,1-CAP電容類,A24
GRM188C80G476ME01D,13100-S001012H-00,"C/C,0603,47uF,20%,4V,X6S,HF,MuRata",MURATA,1-CAP電容類,A25
GRM188R60J226MEA0D,13100-S000105H-00,"C/C,0603,22UF,20%,6.3V,X5R,HF,MURATA",MURATA,1-CAP電容類,A25
GRM188R60J476ME15D,13100-S000809H-00,C/C47uF±20%/0603/?6.3V/ X5R Murata,MURATA,1-CAP電容類,A25
GRM188R71A225KE15D,13100-S000334H-00,"C/C,0603,2.2uF,10%,10V,X7R,HF,MURATA",MURATA,1-CAP電容類,A25
GRM21BC81E106KE51L,13100-S001230H-00,"C/C,0805,10uF,10%,25V,X6S,HF,MURATA",MURATA,1-CAP電容類,A25
GRM21BR61E226ME44L,13100-S000010H-00,"C/C,0805,22UF,20%,25V,X5R,HF,MURATA",MURATA,1-CAP電容類,A25
BLM15AX300SN1D,13200-S000245H-00,"BEAD,0402,30 OHM,25%,100MHz,HF,MURATA",MURATA,2-IND電感類,A26
BLM18KG300WH1D,13200-S000072H-00,"BEAD,0603,30R,25%,1.85A,HF,MURATA",MURATA,2-IND電感類,A26
GRT0335C1E220JA02D,13100-S000695H-00,"C/C,0201,22pF,5%,25V,NP0,HF,MURATA",MURATA,1-CAP電容類,A26
UMK105B7102KV-F,13100-S050104H-00,"C/C,0402,1000pF,10%,50V,X7R,HF,TAIYO",TAIYO,1-CAP電容類,A26
UMK105B7102KVHF,,,TAIYO,1-CAP電容類,A26
EM-10AM05V35-LH,13201-S340008H-00,"IND,S,7.5*6.9*3.0,1UH,20%,HF,TRIO",TRIO,2-IND電感類,A27
EM-15BM05VC17-LH,13201-S340005H-00,"IND,S,7.6*6.8*3.0,1500NH,20%,HF,TRIO",TRIO,2-IND電感類,A27
EM-22AM05V05-LH,13201-S340007H-00,"IND,S,7.4*6.9*3.0,2200NH,20%,HF,TRIO",TRIO,2-IND電感類,A27
EM-22AM05V06-LH,13201-S340003H-00,"IND,S,7.3*6.8*3.0,2200NH,20%,HF,TRIO",TRIO,2-IND電感類,A27
EM-22AM29VG1-LH,13201-S340004H-00,"IND,S,7.6*6.9*1.5,2200NH,20%,HF,TRIO",TRIO,2-IND電感類,A27
EM-22BM04V06-LH,13201-S340006H-00,"IND,S,7.5*6.9*2.4,220NH,20%,HF,TRIO",TRIO,2-IND電感類,A27
FCM1005KF-301T01,13200-S010077H-00,"BEAD,0402,300R,25%,100mA,HF,TAITECH",TAITECH,2-IND電感類,A28
HCB1608KF-300T30,13200-S010078H-00,"BEAD,0603,30R,25%,3A,HF,TAITECH",TAITECH,2-IND電感類,A28
HCB2012KF-121T50,13200-S01000AH-00,"BEAD,120R,25%,HCB2012KF-121T50,TAI-TECH",TAI-TECH,2-IND電感類,A28
HCB2012KF-121T60,13200-S010028H-00,,TAI-TECH,2-IND電感類,A28
MBKK2012T1R0M,13201-S0K0028H-00,"IND,S,0805,1uH,20%,HF,TAIYO",TAIYO,2-IND電感類,A28
QT1005RL060HC050-LF,13200-S050003H-00,"Bead,60Ω,QT1005RL060HC050-LF,0402,MAGIC",MAGIC,2-IND電感類,A28
QTCW2012EH4-120-LF,13202-S050001H-00,"CM,S,2012,120R@100MHZ,HF,MAGIC",MAGIC,2-IND電感類,A28
TMPA0603S-1R5MN-D,13201-S010091H-00,"IND,S,7.4*6.8*3.0,1500NH,20%,HF,TRIO",TAI-TECH,2-IND電感類,A28
TMPA0603S-R15YN-D,13201-S010092H-00,"IND,S,7.4*6.8*3.0,150NH,30%,HF,TAI-TECH",TAI-TECH,2-IND電感類,A28
12-22/S2ST3D-C30/2C,13309-S0V0062H-00,"LED,O-W,5V,50mA,HF,Everlight",EVERLIGHT,3-二三極管,A29
2N7002K,13306-S060002H-00,"MOSFET,N-CH,60V,0.34A,SOT-23,HF",JINGHENG,3-二三極管,A29
2N7002K-H,,"MOSFET,2N7002K-H,60V,SOT23,RUICHIPS",RUICHIPS,3-二三極管,A29
2N7002LT1G,,2N7002LT1G_SOT23-3,ON,3-二三極管,A29
AONP36332,13306-S0H0025H-00,"MOS,N+N,AONP36332,DFN3.3x3.3B,HF,AOS",AOS,3-二三極管,A29
BAT54C2,13301-S700001H-00,BAT54C2-0-T5-G,CYSTEK,3-二三極管,A30
BAT54C2-0-T5-G,13301-S700001H-00,"SBD,BAT54C2-0-T5-G,SOD-523,HF,CYSTECH",CYSTEK,3-二三極管,A30
BAT54CLT1G,13301-S040027H-00,"Diode,SBD,30V,SOT-23,BAT54CLT1G,HF,ON",ON,3-二三極管,A30
BAT54CW,13301-S08R000H-00,"SBD,30V,0.2A,S,SOT323,ROHF",PANJIT,3-二三極管,A30
BAT54WS,13301-S0A0008H-00,"DIODE,Schottky,30V,0.2A,SOD-323,HF",YANGJIE,3-二三極管,A30
BAT54XV2,13301-S0A0025H-00,"DIODE,SCHOTTKY,200MA,30V,SOD-523,HF",YANGJIE,3-二三極管,A30
LBAT54ALT1G,13301-S090037H-00,"SBD,LBAT54ALT1G,SOT23,HF,LRC",LRC,3-二三極管,A30
LBAT54CLT1G,13301-S090040H-00,"SBD,LBAT54CLT1G,SOT-23,HF,LRC",LRC,3-二三極管,A30
LBAT54CWT1G,13301-S09R001H-00,"SBD,LBAT54CWT1G,SOT323,HF,LRC",LRC,3-二三極管,A30
LBAT54XV2T1G,,,LRC,3-二三極管,A30
ELSS-206SURWA/S530-A3/S290,,S LED ELSS-206SURWA/S530-A3/S290 RED,Everlight,3-二三極管,A31
EMB07P03V_190625,,,EXCELLIANCE,3-二三極管,A31
ESD5302N,13305-S0D0012H-00,"ESD,ESD5302N,DFN1006-3L,HF,WILLSEMI",WILLSEMI,3-二三極管,A31
L2N7002FDW1T1G,13306-S090036H-00,"MOS,N,L2N7002FDW1T1G,SC–88,HF,LRC",LRC,3-二三極管,A31
L2N7002SDW1T1G,,,LRC,3-二三極管,A31
L2SK3019LT1G,13306-S090029H-00,"MOS,N,L2SK3019LT1G,SOT-23,HF,LRC",LRC,3-二三極管,A31
LESD11LL5.0CT5G,133-200000-183R,"TVS,LESD11LL5.0CT5G,LRC,RoHS",LRC,3-二三極管,A31
LMBT3904LT1G,13307-S090009R-00,"BJT,NPN,LMBT3904LT1G,SOT23-3,RS,LRC",LRC,3-二三極管,A31
LTST-C193TBKT-5A,13309-S0U0062H-00,"LED,LTST-C193TBKT-5A,INGAN BLUE,LITEON",LITEON,3-二三極管,A31
ME2N7002F1KW-G,,S TR ME2N7002F1KW-G 2N SOT-363-6 ESD,MATSUKI,3-二三極管,A31
MTA50P01SN3,13306-S700007H-00,"MOS,P,MTA50P01SN3,SOT-23,HF,CYSTECH",CYSTECH,3-二三極管,A31
MTAK6Y3,13306-S700008H-00,"MOS,N,MTAK6Y3,SOT-723,HF,CYSTECH",CYSTECH,3-二三極管,A31
MTDK5S6R,13306-S700004H-00,MTDK5S6R-0-T1-G,CYSTECH,3-二三極管,A31
MTDK5S6R-0-T1-G,13306-S700004H-00,"MOS,N,MTDK5S6R-0-T1-G,SOT363,HF,CYSTECH",CYSTECH,3-二三極管,A31
PBSS2515E,13307-S0G0004H-00,"BJT,NPN,PBSS2515E,SOT416,HF,NXP",NXP,3-二三極管,A31
PBSS2515VS,13307-S030020H-00,"BJT,D-NPN,PBSS2515VS,SOT666,HF,Nexperia",NEXPERIA,3-二三極管,A31
PESD5V0H1BSFYL,13305-S030012H-00,"ESD,PESD5V0H1BSF,SOD962-2,HF,NEXPERIA",NEXPERIA,3-二三極管,A31
PMBS3906,13307-S030019H-00,"BJT,PNP,PMBS3906,SOT23,HF,NEXPERIA",NEXPERIA,3-二三極管,A31
RM04JTN204,,,TA-I,3-二三極管,A31
SI7625DN,13306-S0E0033H-00,"MOS,P,SI7625DN,PAK 1212-8,HF,Vishay",VISHAY,3-二三極管,A31
SS206SYGWA/S530-E2/S290,13309-S0V0063H-00,"LED,SS206SYGWA/S530-E2/S290,EVERLIGHT",EVERLIGHT,3-二三極管,A31
YJL2305A,,,YANGJIE,3-二三極管,A31
H56G42AS4DX014,13401-S0D0001H-00,"IC,GD6,H56G42AS4DX014,BGA,HF,HYNIX",HYNIX,4-Memory內存,A32
H9JCNNNCP3MLYR-N6E,13405-S0D0001H-00,"IC,LP5,H9JCNNNCP3MLYR-N6E,BGA,32Gb,HYNIX",HYNIX,4-Memory內存,A32
K3LKBKB0BM-MGCP,13405-S0C0001H-00,"IC,LP5,K3LKBKB0BM-MGCP,BGA,32Gb,HF,SS",SAMSUNG,4-Memory內存,A32
K4ZAF325BM-HC14,13470-S0C0001H-00,"IC,GD6,K4ZAF325BM-HC14,BGA,16Gb,HF,SS",SAMSUNG,4-Memory內存,A32
MT62F512M32D2DR-031 WT:B,13405-S000001H-00,"LP5,MT62F512M32D2DR-031 WT:B,16Gb,MICRON",MICRON,4-Memory內存,A32
W25Q128JWSIQ,13420-S060034H-00,"NOR,W25Q128JWSIQ,SOIC-8,HF,WINBOND",WINBOND,4-Memory內存,A32
W25Q256JVEIQ,13430-S060001H-00,"NAND,W25Q256JVEIQ,WSON-8,HF,Winbond",Winbond,4-Memory內存,A32
W25Q80DVSNIG,13420-S060004H-00,"IC,8Mbit,SOIC-8,W25Q80DVSNIG,Winbond,HF",Winbond,4-Memory內存,A32
AF1206F3.00TM,13503-S080005H-00,"FUSE,AF1206F3.00TM,1206,65V,3A,HF,AEM",AEM,5-Other其他被動,A33
E3SB12E000017E,,,HOSONIC,5-Other其他被動,A33
S20A-038400-T10-YYD-1ATGA,13502-S230009H-00,"XTL,S,S20A-038400,38.4MHz,±30ppm,HF,YOKE",YOKE,5-Other其他被動,A33
S3215C,13502-S230010H-00,"XTL,S,3215,S3215C,32.768KHz,±30ppm,YOKE",YOKE,5-Other其他被動,A33
S3225A-025000,13502-S230011H-00,"XTL,S,S3225A-025000-F20-DYC,25M,±20,YOKE",YOKE,5-Other其他被動,A33
S32A-038400-T10-BDN-1ATGA,13502-S230012H-00,"XTL,S,38.4MHz,±10ppm,HF,YOKE",YOKE,5-Other其他被動,A33
SPR-P110,13503-S0C0008H-00,"FUSE,SPR-P110,0805,6V,1.1A,HF,PTTC",PTTC,5-Other其他被動,A33
SPR-P260T,,,PTTC,5-Other其他被動,A33
SX32Y012000BC1T001,,S CRYSTAL 12MHZ 12PF +-20PPM 7V12000011,TKD,5-Other其他被動,A33
"(15W), i5",,,INTEL,6-IC集成芯片,A34
"(15W), i7",,,INTEL,6-IC集成芯片,A34
"(28W), i3-1220P, Q???, non-vPro",,,INTEL,6-IC集成芯片,A34
99AP3W,13600-S030008H-00,"IC,CPU,99AP3W,I5-1250P,ADL-P,HF,Intel",INTEL,6-IC集成芯片,A34
99AP3W/QYYC,13600-S030008H-00,C_ADL_P_IP_EXT_0P52/BGA,INTEL,6-IC集成芯片,A34
99AP3X,13600-S030009H-00,"IC,CPU,99AP3X,I5-1240P,ADL-P,HF,Intel",INTEL,6-IC集成芯片,A34
99AP3X/QYYD,13600-S030009H-00,C_ADL_P_IP_EXT_0P52/BGA,INTEL,6-IC集成芯片,A34
74AHC1G08GW,136EB-S010001H-00,"CMOS,74AHC1G08GW,SOT353,HF,NXP",NXP,6-IC集成芯片,A35
ALC122-CG,13621-S0C0002H-00,"IC,Audio AMP,ALC122-CG,QFN-24,Realtek",REALTEK,6-IC集成芯片,A35
ALC269Q-VB6-CG,13620-S0C0007H-00,"IC,Audio Codec,ALC269Q,QFN-48,Realtek",REALTEK,6-IC集成芯片,A35
AOZ13987DI-02,136D1-S5K0001H-00,"PWR-SW,DFN3x3,AOZ13987DI-02,HF,AOS",AOS,6-IC集成芯片,A36
AOZ22645QI,136BA-S5K0003H-00,"BUCK,QFN4x4,AOZ22645QI,HF,AOS",AOS,6-IC集成芯片,A36
AOZ5516QI,136BA-S5K0004H-00,"BUCK,QFN5x5,AOZ5516QI,HF,AOS",AOS,6-IC集成芯片,A36
AOZ71026I,136BA-S5K0005H-00,AOZ71026QI,AOS,6-IC集成芯片,A36
AOZ71026QI,136BA-S5K0005H-00,"BUCK,QFN6x6,AOZ71026QI,HF,AOS",AOS,6-IC集成芯片,A36
DG2,13606-S030001H-00,"IC,GPU, DG2 SKU4 SKU5,Intel",INTEL,6-IC集成芯片,A36
AP2330W-7,136D2-S0Q0002H-00,"IC,LoadSwitch,AP2330W-7,SC59,HF,Diodes",DIODES,6-IC集成芯片,A37
APX8132AI-TRG,136E2-S250001H-00,"HALL SENSOR,APX8132AI-TRG,SOT23,ANPEC",ANPEC,6-IC集成芯片,A37
CYPD6227-96BZXI,13665-S060002H-00,"IC,PD,CYPD6227-96BZXI,BGA-96,HF,Cypress",CYPRESS,6-IC集成芯片,A37
EM5109AVT-00A,136B1-S5H0001H-00,"IC LDO,EM5109AVT-00A,DFN3x3-10,HF,EMC",EXCELLIANCE,6-IC集成芯片,A38
EM5201DV,136D2-S5H0003H-00,"IC,LoadSwitch,EM5201DV,DFN3X3-08,HF,EMC",EXCELLIANCE,6-IC集成芯片,A38
EM5207VF,136D2-S5H0004H-00,"IC,LoadSwitch,,EM5207VF,DFN3X2-14,HF,EMC",EXCELLIANCE,6-IC集成芯片,A38
EM5209VF,136D2-S5H0001H-00,"IC SWITCH IC,DFN3X2-14L,6A,EM5209VF,EMC",EXCELLIANCE,6-IC集成芯片,A38
G9141T11U,136B1-S1D0001H-00,"LDO,G9141T11U,HF,GMT",GMT,6-IC集成芯片,A38
G9141T11U ,,G916T1UF_SOT23-5,,6-IC集成芯片,A38
G916T1UF,,S IC G916T1UF SOT23 5P ADJUSTABLE LDO,TA-I,6-IC集成芯片,A38
ISL9238CHRTZ,136BC-S860002H-00,"Buck/Boost,TQFN4x4,ISL9238CHRTZ,RENESAS",RENESAS,6-IC集成芯片,A38
IT5570E-128,13604-S0V0001H-00,"IC,EC,IT5570E-128,LQFP,ITE",ITE,6-IC集成芯片,A39
IT5570VG-128/CX,13604-S0V0002H-00,"MCU,IT5570E-128,VFBGA,HF,ITE",ITE,6-IC集成芯片,A39
IT66318FN/EW,1366B-S0V0001H-00,IT66318FN/EW,ITE,6-IC集成芯片,A39
IT66318FN/EW-03-R,1366B-S0V0001H-00,"IC,RETIMER,IT66318FN/EW,QFN40,HF,ITE",ITE,6-IC集成芯片,A39
JHL8040R,1366B-S030001H-00,"IC,RETIMER,JHL8040R,BGA-105,HF,INTEL",INTEL,6-IC集成芯片,A39
LIS2DW12,136E7-S040007H-00,LIS2DW12TR-GP,STMICROELECTRONICS,6-IC集成芯片,A39
LIS2DW12TR,136E7-S040007H-00,"IC,G Sensor,LIS2DW12TR,LGA-12,HF,ST",STMICROELECTRONICS,6-IC集成芯片,A39
MP2941A,136BA-S190029H-00,"BUCK,QFN3x4,MP2941A,HF,MPS",MPS,6-IC集成芯片,A39
MP86901C,136BA-S190028H-00,"BUCK,TQFN3x4,MP86901C,HF,MPS",MPS,6-IC集成芯片,A39
NCP133AMXADJTCG,136BA-S0R0005H-00,"BUCK,XDFN1.2x1.2,NCP133AMXADJTCG,ONSEMI",ONSEMI,6-IC集成芯片,A39
NL17SZ08,13672-S0R0002H-00,"LOGIC GATE,NL17SZ08DFT2G,SOT?353,HF,ON",ON,6-IC集成芯片,A39
NUC123SD4AN0,13604-SA80007H-00,"IC,MCU,NUC123SD4AN0,LQFP64,HF,NUVOTON",NUVOTON,6-IC集成芯片,A39
PI4ULS3V504AZMAEX,13677-S0K0001H-00,"LOGIC Ctrl,PI4ULS3V504A,QFN-12,PERICOM",PERICOM,6-IC集成芯片,A39
PS8811QFN36GTR2-A3,1366B-S0P0001H-00,"IC,Retimer,PS8811,QFN36,HF,Parade",PARADE,6-IC集成芯片,A39
JMK105CBJ106MV-F,,,TAIYO,1-CAP電容類,A40
RT9078-18GJ5,136B1-S180003H-00 ,"LDO,RT9078-18GJ5,HF,RICHTEK,TSOT-23-5",RICHTEK,6-IC集成芯片,A40
RT9193-18GU5,,S IC RT9193-18GU5 SC-70 5P LDO,AIT GROUP,6-IC集成芯片,A40
RTS5250S,1366A-S0C0001H-00,"Card reader controller,RTS5250S,REALTEK",REALTEK,6-IC集成芯片,A40
SY8310,136BA-S1B0026H-00,"BUCK,QFN3x3,SY8310,HF,Silergy",SILERGY,6-IC集成芯片,A40
SY8370C1,136BA-S1B0025H-00,"BUCK,QFN3x4,SY8370C1,HF,SILERGY",SILERGY,6-IC集成芯片,A40
SY8371B,136BA-S1B0024H-00,"BUCK,QFN3x4,SY8371B,HF,SILERGY",SILERGY,6-IC集成芯片,A40
SY8386,136BA-S1B0027H-00,"BUCK,QFN2.5x2.5,SY8386,HF,Silergy",SILERGY,6-IC集成芯片,A40
T520V227M2R5ATE007,,,POWERV,1-CAP電容類,A40
TPS2546RTER,13665-S080009H-00,"IC,USB PD,TPS2546,WQFN-16,HF,TI",TI,6-IC集成芯片,A40
TS3A226AEYFFR,136D0-S080017H-00,"ANALOG SWITCH,TS3A226AEYFFR,DSBGA,HF,TI",TI,6-IC集成芯片,A40
WAS7227Q-10/TR,136D4-S780001H-00,"IC,Switch,WAS7227Q-10/TR,QFN,HF,WILLSEMI",WILLSEMI,6-IC集成芯片,A40
158-1000902603,050-Z242Z0-003H,MICRO SD 158-1000902603,TAISOL,7-CONN,A41
158-1000902614,050-Z24270-001H,"Micro SD,STD,H1.27,23P,Push Push",TAISOL,7-CONN,A41
20525-040E-02,050-Z40270-001H,"EDP, pitch 0.4, H1, 40pin, R/A",I-PEX,7-CONN,A41
2SJ3080-064111F,050-32205L-002H,"Audio, 4pole, CH-0.7, 6P, 內徑3.6，外徑6，無鐵環",SINGATRON,7-CONN,A41
2UB1646-003111F,050-4J2090-001H,"USB 3.1A, REV, CH-0.7, 沉板, 9P , Black",SINGATRON,7-CONN,A41
50208-00601-001,050-Z06250-001H,"WTB, H1.7, P0.8, 6P, R/A",ACES,7-CONN,A42
50273-0080N-001,050-1Z2088-002H,ACES 50273-0080N-001,ACES,7-CONN,A42
50521-0084N-P01,050-1Z2088-001H,50521-0084N-P01,ACES,7-CONN,A42
50696-0120M-002,050-Z12260-002H,"ZIF, H1, P0.5, 12P, R/A",ACES,7-CONN,A42
50950-0084N-002,050-Z082Z0-021H,SPI ROM SOCKET,ACES,7-CONN,A42
51540-03001-001,050-Z30250-001H,"LOCK, FPC, H1.8, P0.5, 30P, R/A",ACES,7-CONN,A42
51575-00401-001,050-Z04250-006H,"LOCK, FPC, H1.8, P1, 4P, R/A",ACES,7-CONN,A42
51614-01001-002,050-Z10250-002H,"ZIF, H1.0, P0.5, 10P, R/A",ACES,7-CONN,A42
51678-00801-001,050-Z08250-007H,"LOCK, ZIF, H1.8, P1, 8P, R/A",ACES,7-CONN,A42
51733-06702-005,050-Z67280-004H,其它67P|母|金15u'|HF,ACES,7-CONN,A42
51746-0670P-012,050-Z67280-003H,"M.2, M KEY, H2.3, P0.5, 67P",ACES,7-CONN,A42
APCI0019-P003H,050-Z67280-002H,"M.2, E KEY, H3.2, P0.5, 67P",LOTES,7-CONN,A43
APCI0146-P002H,050-Z67280-001H,"M.2, M KEY, H2.3, P0.5, 67P",LOTES,7-CONN,A43
C128AU-K1935-L,050-802050-007H,"HDMI,REV,CH-1.18,沉板,19P,Black",ALL TOP,7-CONN,A43
C14109-10835-L,050-123088-002H,"WTB, H2, P1.25, 8P, R/A",ALL TOP,7-CONN,A43
DF40C-60DS-0.4V,050-Z60262-001H,"BTB, H1.45, P0.4, 60P, V/T",HRS,7-CONN,A43
FH34SRJ-20S-0.5SH,050-Z20262-001H,"ZIF, H1.7, P0.5, 20P, R/A",HRS,7-CONN,A43
MUC84-558207 ,,,ACON,7-CONN,A43
MUC84-558702,050-1Z2081-001H,ACON MUC84-558702,ACON,7-CONN,A43
PPFP05-N010-17F-1H,,,BU10,7-CONN,A44
PPFP05-N112-17F-1H,,,BU10,7-CONN,A44
PPM2P3-3E67-10F-1H,,,BU10,7-CONN,A44
PPWB08-G004-01F-1R,,"WTB, H1.75, P0.8, 4P, R/A",BU10,7-CONN,A44
UB11245-B200B-1H,050-4P2E70-001H,"TYPE C,CH -1.15, 24P",DRAPHO,7-CONN,A45
WS33081-S0201-HF,050-123088-001H,"WTB, H2, P1.25, 8P, R/A",DRAPHO,7-CONN,A45
WS43401-S0101-HF,050-Z40270-002H,"EDP, pitch 0.4, H1, 40pin, R/A",DRAPHO,7-CONN,A45
WS83040-S0171-HF,050-1Z3048-001H,"WTB, H1.75, P0.8, 4P, R/A",DRAPHO,7-CONN,A45
CC6201ST,,,,8-IO BOARD,A46
MMBT3906,13307-S060001H-00,"BJT,PNP,MMBT3906,SOT-23,HF,JINGHENG",JINGHENG,8-IO BOARD,A46
STANDOFF GPU,,"H2.2, ?4.6",HARMONY MOUNTAINS,9-STANDOFF,A46
STANDOFF WLAN,,"H2.9, ?5",HARMONY MOUNTAINS,9-STANDOFF,A46
ASIH1 10 CABLE ASSY,,,LUXSHARE-ICT,11-?材,A47
ASIH1 2K AUO EDP CABLE,,,LUXSHARE-ICT,11-?材,A47
ASIH1 2K BOE EDP CABLE,,,LUXSHARE-ICT,11-?材,A47
ASIH1 FHD EDP CABLE,,,LUXSHARE-ICT,11-?材,A47
ASIH1-FP-FFC,,10P,LUXSHARE-ICT,11-?材,A47
ASIH1-TP-FFC,,8P,LUXSHARE-ICT,11-?材,A47
CAMERA(HD),,,,10-?像?,A48
60355-0037P-001,,,,12-其他,A49
999M2T,,,,12-其他,A49
APW8713EQBI-TRG,,,,12-其他,A49
APW9109BI-TRG,,,,12-其他,A49
LR1206-21R020F4,13003-S020006H-00,,,12-其他,A49
NV140DRM-N61,,,,12-其他,A49
PE0402FRF7T0R01L,13003-S000031H-00,0.01_0402_1%,YAGEO,12-其他,A49
PESD5V0H1BSF,13305-S030012H-00,PESD5V0H1BSFYL-GP-U1,NEXPERIA,12-其他,A49
PH291-002T410P,,,,12-其他,A49
RTH06R010FTP,13003-S020013H-00,,,12-其他,A49
SB472A22H2,,,,12-其他,A49
